Date,ftse_250_price,ftse_250_total_return,base_rate,CPI,ftse_350_Price,"ftse_350_Total Return (Gross, Unhedged)",price_02_Price,"price_02_Total Return (Gross, Unhedged)",confidence_score,price_05_Price,"price_05_Total Return (Gross, Unhedged)",price_10_Price,"price_10_Total Return (Gross, Unhedged)",unemployment_rate,wage_growth_rate,gdp_GDP,polarity_score_finbert
01-12-89,2661.76001,803.789978,14.71333333,,,,,,,,,,,,,0.5,
01-01-90,2591.129883,783.25,14.63,5.7,1165.829956,725.3200073,,,-19,,,,,6.9,,0.5,
01-02-90,2463.879883,746.0100098,14.54666667,5.9,1121.469971,700.5800171,,,-24,,,,,6.9,,0.5,
01-03-90,2437.370117,741.7000122,14.46333333,6,1115.699951,701.4000244,,,-35,,,,,6.9,,0.7,
01-04-90,2285.780029,701.5100098,14.38,6.4,1044.619995,660.0100098,,,-31,,,,,6.9,,0.7,
01-05-90,2487.810059,766.1300049,14.29666667,6.8,1158.219971,735.1400146,,,-30,,,,,6.9,,0.7,
01-06-90,2540.209961,785.6400146,14.21333333,6.9,1174.910034,748.5200195,,,-27,,,,,6.9,,-1.1,
01-07-90,2481.800049,771.039978,14.13,6.8,1150.130005,736.7000122,,,-24,,,,,7,,-1.1,
01-08-90,2187.780029,681.4400024,14.04666667,7.7,1057.099976,679.7700195,,,-26,,,,,7.1,,-1.1,
01-09-90,1974.040039,618.2299805,13.96333333,8.1,968.7199707,626.7000122,,,-29,,,,,7.2,,-0.5,
01-10-90,2065.389893,649.8599854,13.88,8.1,1001.340027,649.2800293,,,-27,,,,,7.3,,-0.5,
01-11-90,2106.879883,665.4199829,13.6925,7.8,1043.52002,679.0700073,,,-29,,,,,7.5,,-0.5,
01-12-90,2127.449951,674.5700073,13.505,7.6,1043.660034,682.710022,,,-19,,,,,7.6,,-0.5,
01-01-91,2096.149902,666.2000122,13.3175,7.1,1050.369995,688.6500244,,,-24,,,,,7.8,,-0.5,
01-02-91,2401.530029,764.3499756,13.13,7,1163,764.9299927,,,-27,,,,,8,,-0.5,
01-03-91,2512.040039,801.1599731,12.38,6.9,1203.609985,794.8900146,,,-21,,,,,8.2,,-0.1,
01-04-91,2499.469971,807.0200195,11.88,8.4,1213.439941,807.6900024,,,-20,,,,,8.5,,-0.1,
01-05-91,2458.52002,795.2299805,11.38,8.2,1214.069946,810.7199707,,,-19,,,,,8.7,,-0.1,
01-06-91,2375.209961,771.0700073,11.13,8.4,1172.969971,786.1500244,,,-19,,,,,8.8,,-0.2,
01-07-91,2499.23999,817.960022,10.88,8.3,1252.52002,845.2700195,,,-19,,,,,9,,-0.2,
01-08-91,2602.199951,852.8900146,10.63,7.9,1285.109985,869.7199707,,,-15,,,,,9.2,,-0.2,
01-09-91,2626.790039,866.1699829,10.38,7.1,1278.790039,870.460022,,,-11,,,,,9.3,,0.1,
01-10-91,2561.22998,846.7800293,10.3175,6.8,1250.530029,852.5,,,-10,,,,,9.4,,0.1,
01-11-91,2405.790039,796.8099976,10.255,7.1,1178.579956,805.9099731,,,-13,,,,,9.5,,0.1,
01-12-91,2364.820068,786.8499756,10.1925,7.2,1201.609985,824.9099731,,,-15,,,,,9.5,,0,
01-01-92,2474.419922,825.5700073,10.13,7,1243.060059,855.8599854,,,-17,,,,,9.6,,0,
01-02-92,2522.209961,842.4099731,10.0675,6.9,1244.75,860.0200195,,,-17,,,,,9.7,,0,
01-03-92,2406.550049,807.960022,10.005,7.1,1185.97998,824.2800293,,,-15,,,,,9.8,,-0.2,
01-04-92,2712.550049,918.210022,9.9425,4.7,1299.560059,908.9899902,,,-9,,,,,9.8,,-0.2,
01-05-92,2779.969971,942.8099976,9.88,4.3,1327.170044,929.9000244,,,-2,,,,,9.8,,-0.2,
01-06-92,2549.330078,870.4699707,9.63,3.8,1231.959961,867.789978,,,-7,,,,,9.9,,0.5,
01-07-92,2303.149902,790.5,9.38,3.6,1159.790039,820.4799805,,,-12,,,,,9.9,,0.5,
01-08-92,2193.600098,755.1500244,9.13,3,1114.969971,792.2299805,,,-19,,,,,9.9,,0.5,
01-09-92,2398.719971,828.3200073,8.88,3,1228.300049,877.0599976,,,-21,,,,,10.1,,0.8,
01-10-92,2521.600098,874.3800049,7.88,2.9,1281.449951,917.3400269,,,-28,,,,,10.2,,0.8,
01-11-92,2637.5,918.4299927,6.88,2.6,1339.699951,962.25,,,-28,,,,,10.4,,0.8,
01-12-92,2862.899902,1000,6.38,2.6,1388.599976,1000,,,-23,,,,,10.5,,0.5,
01-01-93,2954.77002,1034.569946,5.88,2.2,1382.530029,997.4099731,,,-13,,,,,10.7,,0.5,
01-02-93,3036.100098,1064.060059,5.83,2.4,1414.199951,1021.369995,,,-19,,,,,10.6,,0.5,
01-03-93,3107.800049,1095.219971,5.78,2.5,1425.599976,1039.560059,,,-17,,,,,10.6,,0.4,
01-04-93,3132.129883,1108.719971,5.73,2.5,1402.599976,1025.98999,,,-18,,,,,10.5,,0.4,
01-05-93,3165.419922,1123.26001,5.68,2.5,1416.699951,1040.180054,,,-6,,,,,10.4,,0.4,
01-06-93,3235.72998,1153.089966,5.63,2.4,1446.599976,1064.630005,,,-13,,,,,10.4,,0.9,
01-07-93,3306.5,1183.26001,5.58,2.6,1464.02002,1080.209961,,,-12,,,,,10.3,,0.9,
01-08-93,3511.899902,1258.670044,5.53,2.9,1551.800049,1149.73999,,,-7,,,,,10.2,,0.9,
01-09-93,3433.199951,1235.209961,5.48,3.1,1519.699951,1131.540039,,,-7,,,,,10.3,,0.7,
01-10-93,3528.100098,1273.430054,5.43,2.6,1580.900024,1179.97998,,,-11,,,,,10.2,,0.7,
01-11-93,3484.899902,1262,5.38,2.3,1575,1178.439941,,,-15,,,,,10.3,,0.7,
01-12-93,3791.300049,1374.26001,5.296666667,2.4,1703,1277.219971,,,-15,,,,,10.3,,1,
01-01-94,4084.300049,1484.589966,5.213333333,2.7,1760.599976,1322.23999,,,-7,,,,,10.1,,1,
01-02-94,3960.02002,1440.670044,5.13,2.5,1684.800049,1268.420044,,,-13,,,,,9.9,,1,
01-03-94,3752.899902,1371.430054,5.201428571,2.2,1570.390015,1189.780029,,,-17,,,,,9.8,,0.9,
01-04-94,3781.090088,1386.430054,5.272857143,2,1588.310059,1207.329956,,,-18,,,,,9.7,,0.9,
01-05-94,3564.300049,1309.339966,5.344285714,2,1506.680054,1147.439941,,,-15,,,,,9.7,,0.9,
01-06-94,3414.120117,1260.01001,5.415714286,2,1471.819946,1126.22998,,,-12,,,,,9.6,,1,
01-07-94,3640.209961,1348.76001,5.487142857,1.7,1557.72998,1196.26001,,,-11,,,,,9.5,,1,
01-08-94,3816.590088,1416.069946,5.558571429,1.9,1640.680054,1264.199951,,,-8,,,,,9.4,,1,
01-09-94,3494.780029,1300.869995,5.63,1.5,1521.349976,1177.869995,,,-9,,,,,9.3,,0.4,
01-10-94,3516.899902,1316.310059,5.796666667,1.5,1551.089966,1204.209961,,,-11,,,,,9.1,,0.4,
01-11-94,3497.310059,1311.680054,5.963333333,1.8,1542.939941,1200.560059,,,-8,,,,,9,,0.4,
01-12-94,3501.800049,1319.369995,6.13,2,1537.25,1201.030029,,,-18,,,,,8.9,,0.5,
01-01-95,3370.360107,1272.52002,6.38,2.4,1495.420044,1169.890015,,,-9,,,,,8.9,,0.5,
01-02-95,3384.139893,1279.209961,6.63,2.4,1503.609985,1179.829956,,,-12,,,,,8.9,,0.5,
01-03-95,3434.719971,1303.910034,6.605,2.6,1558.369995,1233.599976,,,-14,,,,,8.8,,0.2,
01-04-95,3530.189941,1347.219971,6.58,2.3,1598.410034,1269.069946,,,-12,,,,,8.8,,0.2,
01-05-95,3653.820068,1397.819946,6.555,2.5,1650.550049,1315.26001,,,-9,,,,,8.7,,0.2,
01-06-95,3592.550049,1379.969971,6.53,2.6,1642.469971,1313.390015,,,-10,,,,,8.7,,1.1,
01-07-95,3825.959961,1476.530029,6.505,2.7,1723.51001,1381.099976,,,-7,,,,,8.6,,1.1,
01-08-95,3913.419922,1512.430054,6.48,2.6,1737.969971,1398.939941,,,-7,,,,,8.6,,1.1,
01-09-95,3948.77002,1533,6.455,3,1753.280029,1418.670044,,,-8,,,,,8.6,,0.3,
01-10-95,3894.340088,1516.859985,6.43,2.9,1755.910034,1424.030029,,,-8,,,,,8.6,,0.3,
01-11-95,3959.050049,1547.939941,6.405,2.8,1814.800049,1475.589966,,,-10,,,,,8.3,,0.3,
01-12-95,4021.340088,1580.680054,6.38,3,1830.619995,1495.939941,,,-11,,,,,8.4,,0.7,
01-01-96,4125.040039,1629.51001,6.13,2.6,1868,1530.949951,,,-5,,,,,8.3,,0.7,
01-02-96,4215.040039,1667.01001,6.035,2.7,1864.119995,1531.449951,,,-9,,,,,8.2,,0.7,
01-03-96,4326.740234,1720.650024,5.94,2.6,1863.810059,1543.300049,,,-8,,,,,8.3,,0.3,
01-04-96,4551.799805,1821.420044,5.856666667,2.5,1931.72998,1606.599976,,,-8,,,,,8.3,,0.3,
01-05-96,4509.970215,1807.5,5.773333333,2.3,1900.25,1585.290039,,,-6,,,,,8.3,,0.3,
01-06-96,4353.169922,1753.709961,5.69,2.3,1870.880005,1566.430054,,,-7,,,,,8.2,,0.9,
01-07-96,4230.629883,1710.5,5.7525,2.2,1856.130005,1560.140015,,,-4,,,,,8.1,,0.9,
01-08-96,4416.180176,1787.800049,5.815,2.3,1938.349976,1639.420044,,,-3,,,,,8.1,,0.9,
01-09-96,4391.100098,1786.689941,5.8775,2.3,1969.800049,1671.819946,,,-1,,,,,8.1,,1.4,
01-10-96,4422.5,1803.160034,5.94,2.5,1982.699951,1685.969971,,,-2,,,,,8,,1.4,
01-11-96,4428.5,1808.619995,5.984285714,2.6,2014.199951,1716.52002,,,1,,,,,7.8,,1.4,
01-12-96,4490.399902,1840.560059,6.028571429,2.3,2043.800049,1746.869995,,,-4,,,106.49,343.756,7.7,,1.6,
01-01-97,4595.399902,1885.660034,6.072857143,2.1,2115.5,1810.050049,,,2,,,105.41,347.208,7.5,,1.6,
01-02-97,4654.399902,1912,6.117142857,1.9,2134,1829.75,,,2,,,107.23,354.659,7.3,,1.6,
01-03-97,4576.200195,1886.130005,6.161428571,1.7,2128.100098,1837.119995,,,1,,,104.107,346.213,7.2,,1.1,
01-04-97,4498.700195,1866.319946,6.205714286,1.6,2168.699951,1880.209961,,,-1,,,105.982,353.532,7.2,,1.1,
01-05-97,4495.799805,1870.459961,6.25,1.6,2240.800049,1948.660034,,,6,,,109.01597,365.17,7.2,,1.1,
01-06-97,4431.299805,1855.609985,6.5,1.7,2228,1944.339966,,,8,,,110.84,371.392,7.3,,0.9,
01-07-97,4492,1880.709961,6.75,2,2352,2052.419922,,,8,,,113.238,380.896,7.1,,0.9,
01-08-97,4603.399902,1929.469971,7,2,2327.800049,2039.900024,,,10,,,112.09064,378.404,6.8,,0.9,
01-09-97,4829.899902,2032.170044,7.083333333,1.8,2516.300049,2210.449951,,,8,,,117.084,398.42,6.7,,1.5,
01-10-97,4643.22998,1957.599976,7.166666667,1.9,2341.530029,2058.840088,,,7,,,117.53999,401.686,6.6,,1.5,
01-11-97,4656.709961,1965.52002,7.25,1.9,2338.76001,2059.300049,,,2,,,118.37628,406.613,6.5,,1.5,
01-12-97,4787.649902,2027.23999,7.285714286,1.7,2469.659912,2178.75,,,0,,,120.841,415.209,6.4,,0.7,
01-01-98,4861.47998,2060.850098,7.321428571,1.5,2602.879883,2297.689941,,,4,,,123.35627,426.341,6.4,,0.7,
01-02-98,5201,2206.389893,7.357142857,1.6,2756.439941,2437.030029,,,4,,,122.77834,427.959,6.4,,0.7,
01-03-98,5525.430176,2353.889893,7.392857143,1.7,2852.290039,2536.939941,,,2,,,125.444,439.238,6.3,,0.6,
01-04-98,5610.799805,2397.669922,7.428571429,1.8,2859.120117,2548.23999,,,4,,,126.155,442.946,6.3,,0.6,
01-05-98,5901.410156,2525.439941,7.464285714,2,2864.48999,2557.080078,,,7,,,127.178,450.842,6.3,,0.6,
01-06-98,5503.799805,2363.300049,7.5,1.7,2812.030029,2515.570068,101.43337,100,2,120.226746,100,126.149,452.729,6.3,,0.3,
01-07-98,5482.700195,2358.389893,7.4375,1.4,2811.77002,2517.199951,102.38426,100.665,-1,119.99215,101.012,125.936,457.394,6.3,,0.3,
01-08-98,4786.240234,2062.030029,7.375,1.3,2515.129883,2261.290039,102.724594,101.796,-5,124.22,104.757,130.753,476.442,6.2,,0.3,
01-09-98,4544.160156,1964.98999,7.3125,1.4,2419.929932,2180.76001,102.841484,102.608,-3,128.875,109.078,136.942,500.948,6.2,,0.7,-0.062778816
01-10-98,4811.399902,2084.610107,7.25,1.4,2592.409912,2339.370117,102.78803,103.335,-9,127.11105,107.962,134.06651,491.636,6.2,,0.7,0.158976915
01-11-98,4901.660156,2127.800049,6.75,1.4,2721.629883,2460.139893,103.0917,104.005,-7,129.651,111.945,138.765,516.162,6.1,,0.7,0.09037164
01-11-98,4901.660156,2127.800049,6.75,1.4,2721.629883,2460.139893,103.0917,104.005,-7,129.651,111.945,138.765,516.162,6.1,,0.7,0.014140807
01-12-98,4854.72998,2111.929932,6.25,1.6,2772.360107,2508.949951,103.92665,104.919,-8,132.899,114.603,141.293,529.156,6.2,,0.7,0.265154285
01-01-99,5024.160156,2187.149902,6,1.6,2792.379883,2528,103.78921,105.479,-3,134.57706,116.434,143.40013,538.629,6.2,,0.7,0.254030604
01-02-99,5248.310059,2287.98999,5.5,1.4,2923.610107,2651,103.679825,105.817,-1,130.40361,113.167,137.8075,520.579,6.2,,0.7,0.017384576
01-03-99,5475.200195,2400.840088,5.375,1.7,2991.169922,2729.110107,104.70138,106.556,1,131.03172,113.983,138.34909,524.119,6.2,,0.5,0.017384576
01-04-99,5849.589844,2571.290039,5.25,1.5,3125.649902,2858.030029,104.07076,106.644,1,129.99657,113.481,137.93509,522.552,6.1,,0.5,0.139490522
01-05-99,5639.100098,2484.76001,5.125,1.3,2976.850098,2725.889893,103.82355,107.069,5,125.58968,111.61,132.7039,511.479,6,,0.5,0.181829722
01-06-99,5858.200195,2590.360107,5,1.3,3032.080078,2781.379883,103.71424,107.597,5,125.17202,111.336,132.86292,513.81,6,,1.6,0.181829722
01-07-99,5969.52002,2642.899902,5.083333333,1.3,3005.840088,2759.370117,103.095314,107.692,2,123.13864,110.047,130.75848,508.289,5.9,,1.6,0.009391714
01-08-99,6017.910156,2669.320068,5.166666667,1.2,3015.560059,2779.870117,103.67859,108.23,4,125.19702,112.054,133.3304,520.773,5.9,,1.6,0.001178066
01-09-99,5687.109863,2529.659912,5.25,1.2,2901.209961,2679.560059,102.97956,108.302,2,121.10741,108.956,127.78321,503.764,5.8,,1.4,0.026860189
01-10-99,5622.319824,2504.860107,5.375,1.1,2987.75,2761.72998,102.67129,108.751,2,123.88389,111.769,132.17169,521.066,5.8,,1.4,0.030547831
01-11-99,6194.759766,2764.340088,5.5,1.2,3171.75,2935.810059,102.02272,109.166,-2,124.88561,113.832,132.98755,533.821,5.8,,1.4,0.16338711
01-12-99,6444.870117,2880.419922,5.625,1.1,3326.969971,3083.679932,101.629265,109.511,1,123.06983,112.177,133.51042,522.111,5.9,,1.2,-0.145676469
01-01-00,6181.02002,2764.959961,5.75,0.8,3036.860107,2816.23999,101.37592,110.006,8,119.44034,110.72,129.31834,514.042,5.8,,1.2,0.316099586
01-02-00,6451.189941,2888.070068,6,0.9,3042.530029,2828.469971,101.30736,110.651,2,121.45157,113.215,131.6373,526.374,5.8,,1.2,0.176298435
01-03-00,6475.140137,2907.040039,5.979166667,0.6,3171.48999,2958.98999,101.37081,111.273,-2,122.46528,114.754,132.73299,533.309,5.7,,0.7,0.317266968
01-04-00,6194.640137,2789.860107,5.958333333,0.6,3063.370117,2864.100098,101.41105,112.007,-4,123.22556,116.004,133.73012,539.614,5.6,,0.7,0.250106255
01-05-00,6227.819824,2813.22998,5.9375,0.5,3079.070068,2883.5,101.20181,112.603,2,123.06638,116.644,132.50777,542.036,5.5,,0.7,0.427460043
01-06-00,6601.009766,2986.350098,5.916666667,0.8,3085.280029,2892.51001,101.29519,113.295,0,122.14105,116.822,130.6579,540.946,5.3,,0.6,0.263633251
01-07-00,6779.129883,3073.01001,5.895833333,0.9,3119.129883,2927.100098,101.227325,113.864,-3,121.48111,116.808,129.76228,539.898,5.3,,0.6,0.345673561
01-08-00,7057.790039,3205.580078,5.875,0.6,3266.590088,3078.199951,101.94891,114.429,1,120.284996,116.281,128.08159,535.605,5.3,,0.6,0.264846255
01-09-00,6676.899902,3040,5.854166667,1,3082.52002,2909.02002,102.01349,115.196,-5,120.733795,117.283,128.31389,539.028,5.4,,0.6,0.07252466
01-10-00,6629.319824,3025.040039,5.833333333,1,3139.949951,2965.899902,101.92315,115.865,0,120.83247,118.475,128.26836,545.619,5.3,,0.6,-0.008252106
01-11-00,6419.910156,2932.790039,5.8125,1.1,3001.699951,2839.26001,102.007706,116.689,-2,123.299034,121.774,132.508,564.054,5.2,,0.6,-0.008252106
01-12-00,6547.509766,2995.27002,5.791666667,0.8,3043.629883,2883.820068,102.029724,117.433,-1,123.20935,122.269,132.30225,565.672,5.2,,0.9,0.338706506
01-01-01,6735.899902,3086.820068,5.770833333,0.9,3087.030029,2926.659912,102.52597,118.117,5,123.23507,122.892,130.68076,566.91,5.2,,0.9,-0.003864006
01-02-01,6649.490234,3051,5.75,0.8,2920.290039,2776.689941,102.74792,118.64,2,122.81881,123.022,130.09293,566.793,5.1,,0.9,0.086233245
01-03-01,6094.660156,2802.949951,5.625,0.9,2765.889893,2641.310059,102.70923,119.314,3,121.81377,122.625,128.06467,560.644,5,6.1,0.4,0.191264215
01-04-01,6409.149902,2958.949951,5.5,1.2,2926.679932,2800.98999,102.4907,119.809,1,117.975395,119.871,122.69614,543.933,4.9,6.2,0.4,0.2292037
01-05-01,6571.120117,3044.310059,5.25,1.7,2863.320068,2746.149902,102.21402,120.24,2,116.370766,119.236,120.36007,539.623,5,5.1,0.4,-0.143060973
01-06-01,6298.939941,2925.889893,5.166666667,1.7,2781.669922,2671.48999,101.79546,120.458,6,115.6531,119.089,119.79484,539.628,5,5.5,0.5,-0.173689805
01-07-01,6082.220215,2830.649902,5.083333333,1.4,2720.689941,2614.879883,102.44242,121.387,4,116.52173,122.403,119.339,557.503,5.1,5.2,0.5,0.43959767
01-08-01,6116.299805,2851.969971,5,1.8,2643.699951,2552.610107,102.444984,122.152,0,117.9906,124.543,121.265205,568.992,5.1,5.3,0.5,0.145836057
01-09-01,5118.580078,2396.73999,4.75,1.3,2397.879883,2320.800049,102.53494,122.948,-1,117.04114,124.11,119.47114,563.013,5.1,4.8,0.3,-0.064979328
01-10-01,5364.77002,2517.879883,4.5,1.2,2470.179932,2393.340088,102.8673,123.748,-5,121.322655,129.057,124.46767,591.601,5.1,4.8,0.3,-0.05263322
01-11-01,5849.470215,2748.76001,4,0.8,2567.350098,2492.169922,104.015785,124.043,-3,119.97333,128.24,122.94872,587.019,5.2,4.6,0.3,0.253650113
01-12-01,5939.140137,2794.52002,3.983333333,1.1,2578.199951,2504.129883,103.29823,124.095,-1,116.335464,124.722,117.76759,567.65,5.2,4.2,0.3,0.139976316
01-01-02,5849.200195,2755.969971,3.966666667,1.6,2550.560059,2478.73999,103.11999,124.671,6,118.04309,127.151,119.796646,579.994,5.1,3.8,0.3,0.2667337
01-02-02,5834,2750.860107,3.95,1.5,2522.179932,2460.189941,102.935776,125.166,5,116.61411,126.188,117.923836,573.442,5.2,3.2,0.3,-0.142576964
01-03-02,6175.450195,2920.850098,3.933333333,1.5,2614.669922,2563.48999,102.357414,125.194,3,113.09971,122.99,113.85201,556.253,5.2,3,0.5,0.144354182
01-04-02,6123.709961,2906.469971,3.916666667,1.4,2566.01001,2521.370117,102.342316,126.025,4,113.66143,124.566,117.3043,563.519,5.2,3,0.5,0.238268503
01-05-02,6049.049805,2881.23999,3.9,0.8,2527.179932,2488.860107,101.981155,126.393,6,112.75308,124.21,116.07845,560.449,5.2,3.3,0.5,0.45411922
01-06-02,5496.640137,2624.280029,3.883333333,0.6,2311.820068,2280.780029,101.91677,126.915,6,115.62944,127.928,120.06017,582.093,5.2,3.7,0.7,0.45411922
01-07-02,4783.629883,2290.800049,3.866666667,1.1,2095.929932,2071.360107,102.475235,128.186,2,115.71932,129.729,119.57418,588.869,5.2,3.8,0.7,0.45411922
01-08-02,4858.819824,2331.959961,3.85,1,2091.73999,2078.879883,102.329605,128.727,2,118.716805,133.647,123.64447,611.319,5.3,3.6,0.7,0.252594817
01-09-02,4287.089844,2066.25,3.833333333,1,1842.060059,1834.810059,103.09084,129.602,4,119.822945,136.553,126.16489,625.149,5.2,3.4,0.8,0.16133149
01-10-02,4417.709961,2134.879883,3.816666667,1.4,1986.420044,1981.630005,102.6984,129.816,1,117.47284,134.854,122.80745,614.92,5.2,3.1,0.8,0.224753554
01-11-02,4558.220215,2206.219971,3.8,1.5,2050.149902,2049.75,102.13649,129.776,2,115.88165,133.632,120.82335,607.724,5.1,3,0.8,0.196194431
01-12-02,4319.350098,2094.719971,3.783333333,1.7,1938.140015,1940.030029,102.85248,130.691,-4,118.819145,137.421,123.501434,626.924,5,2.8,0.7,0.262136184
01-01-03,4016.439941,1952.589966,3.766666667,1.3,1760.310059,1763.560059,102.71205,131.234,-3,119.58751,139.305,124.906876,636.799,5.1,2.5,0.7,0.16169734
01-02-03,4037.580078,1964.469971,3.75,1.6,1799.680054,1811.790039,102.81508,132.015,-9,119.72994,140.025,124.533966,637.456,5.2,2.2,0.7,-0.054327824
01-03-03,3959.800049,1934.619995,3.7,1.5,1777.119995,1802.170044,102.46974,132.3,-10,119.031425,138.862,121.807816,630.922,5.1,2.8,0.9,-0.48464587
01-04-03,4389.330078,2159.350098,3.65,1.4,1935.459961,1969.869995,103.333115,132.673,-5,117.877914,138.455,120.3147,628.378,5,3,0.9,-0.48464587
01-05-03,4815.569824,2374.610107,3.6,1.3,2010.839966,2052.469971,103.101845,133.111,-3,120.86289,142.509,123.77272,648.875,4.9,3.3,0.9,0.182757454
01-06-03,4963.439941,2455.340088,3.55,1.1,2011.189941,2056.659912,103.632225,133.456,-2,117.89443,141.074,120.46145,640.077,5.1,2.7,0.9,0.014362095
01-07-03,5325.589844,2642.050049,3.5,1.3,2084.820068,2135.23999,103.15336,133.585,-1,113.71046,137.66,115.99542,622.641,5.1,2.7,0.9,0.233050348
01-08-03,5593.240234,2779.129883,3.5625,1.4,2100.48999,2165.320068,102.66435,133.654,-3,113.7721,138.312,116.572014,628.327,5,2.9,0.9,0.016940689
01-09-03,5457.77,2721.27,3.625,1.4,2063.08,2131.08,102.66192,134.145,-3,113.23004,139.701,115.078064,634.722,5,3.3,0.8,0.281149287
01-10-03,5724.44,2860.52,3.6875,1.4,2162.31,2236.35,102.08308,134.125,-3,109.156456,135.768,111.217224,616.448,4.9,3.7,0.8,0.00608987
01-11-03,5712.63,2858.21,3.75,1.3,2185.55,2266.98,101.8941,134.536,-6,108.87734,135.983,110.82537,616.829,4.9,3.9,0.8,0.00608987
01-12-03,5802.28,2908.72,3.833333333,1.3,2248.56,2334.38,104.46282,135.092,-5,110.76855,139.636,112.71776,635.289,4.8,4.1,0.4,-0.014622826
01-01-04,6023.89,3023.8,3.916666667,1.4,2222.64,2308.78,104.09118,135.389,0,109.9999,139.281,111.93121,633.626,4.8,5.1,0.4,0.3731601
01-02-04,6269.95,3148.83,4,1.3,2279.55,2374.6,103.992424,135.986,-2,110.795586,140.838,112.70971,640.521,4.8,4.9,0.4,-0.077881657
01-03-04,6259.38,3154.16,4.083333333,1.1,2232.63,2343.8,103.59289,136.325,-3,112.33933,141.976,113.068886,646.884,4.8,4.7,0.6,-0.143917245
01-04-04,6210.68,3141.76,4.166666667,1.1,2275.41,2393.91,103.209625,136.61,-2,109.71174,139.531,110.07815,634.158,4.8,3.7,0.6,-0.143917245
01-05-04,6053.55,3068.1,4.25,1.5,2241.6,2364.83,102.726,136.714,-2,108.35758,138.412,108.732895,629.082,4.8,4.1,0.6,0.062325408
01-06-04,6277.95,3191.24,4.5,1.6,2267.58,2398.11,103.52217,137.477,-4,108.56373,139.83,108.88464,636.045,4.8,4.2,0.4,0.12978175
01-07-04,6023.52,3069.76,4.625,1.4,2232.37,2363.03,103.14588,137.862,-3,108.718124,140.65,109.16447,640.431,4.7,4.1,0.4,-0.007810969
01-08-04,6087.26,3108.85,4.75,1.3,2255.79,2403.63,103.04334,138.667,-5,110.10839,143.378,110.76886,653.7,4.7,4.1,0.4,0.013781767
01-09-04,6269.05,3215.56,4.729166667,1.1,2313.68,2469.75,103.31298,139.318,-7,110.5241,144.782,112.37634,660.104,4.7,4.1,0.5,0.01723271
01-10-04,6321.79,3247.12,4.708333333,1.2,2339.68,2499.38,103.077705,139.858,-6,111.30931,146.412,113.28335,668.091,4.7,4.2,0.5,0.194275157
01-11-04,6577.42,3381.59,4.6875,1.5,2387.17,2558.64,103.91871,140.599,-4,112.090034,148.772,114.30124,680.034,4.7,4.2,0.5,0.010236478
01-12-04,6936.8,3574.31,4.666666667,1.7,2453.95,2633.12,104.31251,141.062,-3,112.93222,149.995,114.625626,686.066,4.7,4.3,0.7,0.199455752
01-01-05,7166.2,3696.36,4.645833333,1.6,2482.21,2665.05,103.93791,141.492,1,111.81576,149.462,113.543526,682.766,4.8,4.2,0.7,0.174285035
01-02-05,7254.02,3743.6,4.625,1.7,2537.38,2734.56,103.414925,141.633,0,110.88267,148.944,112.62121,680.945,4.7,4.6,0.7,0.017968874
01-03-05,7130.51,3693.11,4.604166667,1.9,2498.72,2710.76,102.49772,142.293,1,110.37996,149.365,111.9772,681.577,4.7,4.5,0.8,0.017968874
01-04-05,6728.9,3499.91,4.583333333,1.9,2438.08,2650.73,102.49967,143.044,0,111.97366,152.116,113.86627,695.707,4.8,4.6,0.8,0.015983697
01-05-05,7114.3,3707.55,4.5625,1.9,2528.33,2757.06,102.61066,144.011,-1,113.266846,155.145,115.32509,710.44,4.8,4.3,0.8,0.250130755
01-06-05,7368.72,3853.27,4.541666667,2,2606.35,2850.51,102.64516,144.843,-3,115.646065,158.035,117.06441,725.548,4.7,4.5,0.8,0.250130755
01-07-05,7605.1,3982.66,4.520833333,2.3,2691.99,2946.45,102.30975,145.131,-1,113.83931,156.214,115.02399,715.778,4.7,4.6,0.8,0.014420357
01-08-05,7749.23,4068.45,4.5,2.4,2705.17,2979.56,102.78435,145.779,-4,115.26017,159.084,116.624504,730.389,4.7,4.8,0.8,0.120094229
01-09-05,7951.11,4188.38,4.520833333,2.5,2794.56,3082.75,102.47778,146.159,-5,113.87845,158.344,116.31646,726.807,4.9,5,0.9,0.139312632
01-10-05,7711.14,4069.42,4.541666667,2.3,2712.38,2994.32,102.166855,146.551,-8,113.28146,158.48,115.64722,727.945,5.1,4.8,0.9,0.01790335
01-11-05,8327.94,4400.98,4.5625,2.1,2788.37,3091.06,102.54778,147.098,-8,114.4929,160.938,117.36638,741.502,5.1,4.7,0.9,0.013561904
01-12-05,8794.32,4654.67,4.583333333,1.9,2896.71,3213.38,102.48323,147.778,-9,116.06461,163.787,119.34016,756.875,5.1,4.5,0.5,0.01866939
01-01-06,9172.59,4859.4,4.604166667,1.9,2976.99,3303.89,102.92639,148.1,-3,116.40724,165.658,119.64615,770.163,5.2,4.2,0.5,0.200121013
01-02-06,9448.26,5007.71,4.625,2,3003.7,3342.4,102.72512,148.554,-4,115.96601,165.717,119.06117,770.039,5.2,4.4,0.5,0.25326032
01-03-06,9850.27,5232.98,4.645833333,1.8,3098.93,3471.76,102.050575,148.911,-7,113.214455,162.197,114.81997,748.604,5.3,4.9,0.4,0.028858034
01-04-06,9878.67,5266.01,4.666666667,2,3126.18,3509.07,101.753395,149.181,-4,110.38477,158.791,111.45649,729.584,5.4,5.3,0.4,0.137582005
01-05-06,9298.23,4973.62,4.6875,2.2,2966.63,3342.14,101.51468,149.66,-5,110.542046,160.299,111.58471,737.775,5.5,5,0.4,0.103461118
01-06-06,9422.67,5052.27,4.708333333,2.5,3020.93,3412.3,101.32351,150.138,-4,109.04883,158.984,109.73619,729.793,5.5,4.9,0.3,0.239941745
01-07-06,9355.56,5023.18,4.729166667,2.4,3059.83,3458.96,101.23216,150.788,-4,110.08198,161.633,111.319305,744.141,5.5,5,0.3,0.20732355
01-08-06,9601.16,5167.18,4.75,2.5,3061.35,3482.11,101.022,151.167,-8,111.03044,163.955,112.47008,756.706,5.5,4.7,0.3,-0.009514945
01-09-06,9996.78,5395.57,4.833333333,2.4,3103.74,3535.46,100.87247,151.678,-7,111.115456,164.711,112.67609,760.895,5.5,4.1,0.5,0.169587896
01-10-06,10372.17,5606.52,4.916666667,2.4,3195.63,3642.78,100.750046,152.217,-5,111.67371,166.596,114.523384,772.355,5.4,4,0.5,0.119650457
01-11-06,10673.95,5779.06,5,2.7,3173.54,3631.24,100.82877,152.84,-7,110.973335,166.566,113.761635,771.002,5.5,4.2,0.5,0.294656109
01-12-06,11177.77,6061.04,5.125,3,3272.72,3747.4,100.63029,153.247,-8,108.56962,163.615,110.95712,754.927,5.5,4.9,0.9,0.220971681
01-01-07,11100.3,6025.53,5.25,2.7,3261.36,3735.93,100.36522,153.655,-7,105.79269,160.539,107.602554,738.267,5.5,5.4,0.9,0.151072125
01-02-07,11082.88,6020.07,5.3125,2.8,3246.48,3728.61,100.58592,154.425,-8,107.43106,163.948,109.68411,755.904,5.5,6.2,0.9,0.0351412
01-03-07,11689.3,6361.11,5.375,3.1,3334.5,3856.06,100.42245,154.981,-8,105.315956,161.402,107.05312,740.869,5.5,5.8,0.7,0.26368073
01-04-07,11929.37,6514.23,5.4375,2.8,3408.12,3950.65,99.23273,155.572,-6,104.44365,160.491,105.5051,735.322,5.4,5.3,0.7,0.014326869
01-05-07,12111.08,6634.41,5.5,2.5,3493.13,4062.86,99.08536,156.071,-2,102.45973,158.414,103.27125,724.787,5.4,4.5,0.7,0.226710231
01-06-07,11527.62,6326.99,5.625,2.4,3461.46,4036.19,99.04726,156.696,-3,100.12987,155.474,100.58714,708.913,5.3,4.4,0.7,0.248009128
01-07-07,11337.49,6230.96,5.75,1.9,3342.25,3899.23,99.037994,157.578,-6,102.8778,160.48,103.67122,734.484,5.3,4.6,0.7,0.248009128
01-08-07,11309.21,6227.65,5.7,1.8,3315.46,3892.02,99.258,158.612,-4,104.20513,163.288,103.7479,747.56,5.3,4.8,0.7,-0.064318472
01-09-07,11037.44,6092.85,5.65,1.8,3376.96,3970.44,99.47462,159.592,-7,103.34331,162.575,102.42141,740.821,5.2,5.2,0.6,0.16592145
01-10-07,11666.02,6454.27,5.6,2.1,3518.36,4144.99,99.36787,160.173,-8,104.00527,164.441,103.17722,750.018,5.2,5,0.6,-0.179962867
01-11-07,10748.78,5952.88,5.55,2.1,3349.07,3956.83,99.53213,161.302,-10,105.51681,167.567,104.51382,762.927,5.2,4.9,0.6,0.014900872
01-12-07,10657.85,5911.88,5.5,2.1,3355.98,3968.16,100.515625,162.269,-14,107.26418,171.103,106.64122,781.852,5.2,4.1,0.5,-0.45087779
01-01-08,9881.75,5488.98,5.375,2.2,3063.34,3624.2,100.549835,162.975,-13,107.04213,171.504,106.20172,781.964,5.2,3.8,0.5,-0.007201114
01-02-08,10067.93,5594.87,5.25,2.5,3073,3648.14,101.08059,163.862,-17,106.70992,171.74,105.680695,781.502,5.2,3.6,0.5,0.045559688
01-03-08,10013.24,5581.66,5.125,2.5,2988.28,3577.41,101.260895,164.798,-19,107.05124,173.05,105.60481,784.1,5.3,4.1,-0.5,0.175848633
01-04-08,10122.28,5679.93,5,3,3167.22,3804.06,100.68821,164.468,-24,104.64431,169.94,103.3804,771.036,5.2,4.6,-0.5,0.175848633
01-05-08,10049.34,5657.73,4.916666667,3.3,3148.94,3796.33,100.01892,164.014,-29,102.24722,166.786,101.11185,757.38,5.4,4.7,-0.5,-0.010289771
01-06-08,9145.77,5163.11,4.833333333,3.8,2918.78,3529.73,99.607086,164.459,-34,100.869644,165.353,99.77698,750.787,5.5,4.2,-1.5,0.186422339
01-07-08,8856.73,5011.57,4.75,4.4,2810.1,3402.69,100.05347,165.849,-39,103.55135,170.471,102.536644,774.782,5.7,3.7,-1.5,0.186422339
01-08-08,9381.84,5325.16,4.666666667,4.7,2933.01,3574.09,100.339165,166.933,-36,105.607574,174.482,104.649086,793.522,5.9,3.3,-1.5,-0.158231963
01-09-08,7888.21,4493.64,4.583333333,5.2,2540.45,3102.18,101.08249,168.847,-32,104.31748,173.935,102.993454,785.806,6,3.1,-2.1,-0.275972617
01-10-08,6282.55,3590.82,4.5,4.5,2238.95,2739.46,102.08702,171.106,-36,103.38514,173.218,101.75544,780.183,6.2,3.1,-2.1,-0.197030542
01-11-08,6093.32,3490.56,3,4.1,2190.98,2697.56,102.78004,172.853,-35,109.07541,183.264,107.80217,828.658,6.4,2.8,-2.1,-0.4853265
01-12-08,6360.85,3656.37,2,3.1,2268.07,2796.25,104.167046,175.008,-33,115.62596,195.45,115.39186,891.7,6.5,2.8,-2,-0.157397167
01-01-09,6250.76,3596.86,1.5,3,2133.34,2632.07,103.69291,174.895,-37,107.38712,182.333,105.12769,815.933,6.7,1,-2,-0.29564862
01-02-09,6049.14,3487.35,1,3.2,1978.95,2459.11,103.63017,175.255,-35,108.914185,185.676,106.431915,829.209,7.1,-1.8,-2,-0.164762587
01-03-09,6373.89,3685.84,0.5,2.9,2034.76,2539.87,105.25313,175.703,-30,112.17553,192.528,109.98105,862.842,7.3,-2.9,-0.3,0.07793638
01-04-09,7528.95,4376.52,0.497191011,2.3,2222.12,2784.46,105.05212,176.043,-27,109.454414,188.711,106.83818,842.242,7.6,-1.8,-0.3,-0.152315329
01-05-09,7572,4412.92,0.494382022,2.2,2303.78,2901.63,104.70068,176.113,-27,107.603645,186.237,104.53157,827.349,7.8,0.5,-0.3,0.125742165
01-06-09,7414.56,4329.13,0.491573034,1.8,2220.51,2807.5,104.08526,175.806,-25,108.33557,188.919,106.141235,846.433,7.9,1.1,0.1,0.10133047
01-07-09,7999.96,4685.58,0.488764045,1.8,2406.69,3047.07,104.92713,176.21,-25,106.431145,186.7,104.00171,834.287,7.9,0.8,0.1,-0.18549798
01-08-09,8817.51,5176.85,0.485955056,1.6,2574.43,3277.93,104.881256,176.885,-25,111.05671,195.678,109.97877,886.471,7.8,0.8,0.1,0.031518042
01-09-09,9142.31,5383.41,0.483146067,1.1,2689.61,3430.82,104.47387,176.938,-16,110.7098,195.976,110.13824,888.809,7.9,0.7,0.3,-0.328292665
01-10-09,8885.77,5240.25,0.480337079,1.5,2639.27,3369.45,104.08653,177.025,-13,109.842735,195.164,109.097084,883.669,7.8,0.6,0.3,0.106722497
01-11-09,8918.44,5265.58,0.47752809,1.9,2707.61,3473.44,104.82533,177.363,-17,109.951935,197.139,109.37534,893.244,7.8,0.7,0.3,-0.105887819
01-12-09,9306.89,5507.88,0.474719101,2.9,2823.73,3625.76,104.19409,177.276,-19,105.0673,189.547,103.94314,852.958,7.7,0.7,0.9,0.000801472
01-01-10,9237.3,5472.11,0.471910112,3.5,2718.19,3492.38,103.92144,177.466,-17,105.71074,191.382,104.63938,861.743,7.9,2,0.9,0.166298585
01-02-10,9344.39,5542.59,0.469101124,3,2798.33,3613.28,103.78528,177.865,-14,104.3432,189.494,102.36277,846.554,8,4.6,0.9,0.031861604
01-03-10,10165.28,6053.15,0.466292135,3.4,2977.41,3859.83,104.47305,178.012,-15,104.91889,191.735,102.90348,858.232,8,4.9,1.1,-0.008739838
01-04-10,10366,6193.93,0.463483146,3.7,2926.71,3802.59,104.136475,178.119,-16,105.368645,193.254,103.298744,865.198,7.9,3.7,1.1,-0.36387962
01-05-10,9637.14,5769.27,0.460674157,3.4,2732.67,3566.49,103.997154,178.515,-18,108.12348,198.913,106.31999,893.138,7.9,1.2,1.1,-0.068543626
01-06-10,9366.12,5621.68,0.457865169,3.2,2598.19,3399.04,105.67238,178.89,-19,109.74449,202.897,108.06175,912.659,7.8,1,0.6,0.192706844
01-07-10,9948.72,5979.01,0.45505618,3.1,2775.98,3636.25,105.27091,178.901,-22,108.86467,202.003,106.65607,904.114,7.8,1.2,0.6,0.5133202
01-08-10,9825.14,5917.49,0.452247191,3.1,2756.36,3627.6,105.09566,179.336,-18,114.80422,214.229,114.13597,973.571,7.8,1.3,0.6,0.072572877
01-09-10,10531.8,6363.84,0.449438202,3.1,2930.58,3864.12,104.72838,179.408,-20,113.3882,212.489,112.67015,963.052,7.9,1.5,0.1,0.14232929
01-10-10,10843.5,6560.04,0.446629213,3.2,3000,3961.09,104.35632,179.45,-19,110.607506,208.024,108.90249,934.346,7.9,1.7,0.1,0.03952735
01-11-10,10607.75,6426.78,0.443820225,3.3,2923.93,3871.97,104.318,179.658,-21,108.95222,206.244,107.24398,925.047,7.9,1.8,0.1,-0.032260749
01-12-10,11558.8,7016.79,0.441011236,3.7,3129.01,4147.59,103.858795,179.588,-21,108.02845,206.133,107.34376,929.659,7.9,1.9,0.3,0.123451259
01-01-11,11471.51,6970.41,0.438202247,4,3108.85,4124.06,103.42058,179.554,-29,104.890015,200.834,103.4618,900.126,7.8,2.7,0.3,0.254736541
01-02-11,11621.29,7067.38,0.435393258,4.4,3174.53,4225.95,104.024574,179.602,-28,105.65424,203.079,104.566154,913.122,7.8,2.6,0.3,-0.029435002
01-03-11,11591.98,7065.26,0.43258427,4,3134.25,4191.14,104.346146,179.638,-28,105.69208,204.028,104.65645,918.048,7.7,2.8,0.1,0.0549327
01-04-11,12013.88,7350.92,0.429775281,4.5,3223.52,4321.56,104.28188,180.194,-31,107.87256,208.909,107.18843,943.254,7.8,2.1,0.1,0.075065533
01-05-11,12060.79,7405.25,0.426966292,4.5,3188.43,4290.16,104.11967,180.652,-21,109.04963,212.092,108.31852,957.444,7.9,2.4,0.1,-0.083282559
01-06-11,11934.04,7347.83,0.424157303,4.2,3163.54,4270.78,104.07336,180.827,-25,107.36329,209.695,103.72315,940.373,8,2.5,0.3,-0.077126552
01-07-11,11552.06,7124.05,0.421348315,4.4,3089.78,4174.62,103.89308,181.146,-30,111.75285,218.904,108.47109,986.298,8.2,2.8,0.3,-0.244479539
01-08-11,10525.93,6515.08,0.418539326,4.5,2859.43,3887.44,103.57903,181.321,-31,114.24216,225.124,111.61473,1019.773,8.3,2.7,0.3,-0.039691443
01-09-11,9819.38,6097.25,0.415730337,5.2,2711.63,3694.67,104.07428,181.352,-30,118.38382,233.739,117.130226,1071.144,8.4,2.2,0.1,0.043294048
01-10-11,10479.74,6517.76,0.412921348,5,2926.5,3991.41,103.806015,181.559,-32,119.44297,237.224,119.37241,1096.506,8.5,1.9,0.1,0.055564729
01-11-11,10315.29,6429.29,0.41011236,4.8,2902.77,3979.25,104.063095,181.716,-31,123.13585,245.279,124.602394,1147.547,8.4,1.9,0.1,-0.234074424
01-12-11,10102.9,6310.83,0.407303371,4.2,2925.92,4013.41,103.75841,181.923,-33,125.31602,250.346,126.621254,1169.443,8.3,1.9,0.9,0.018776383
01-01-12,10769.35,6733.78,0.404494382,3.6,3000.4,4119.1,103.32019,181.948,-29,125.59588,251.089,126.47017,1173.88,8.3,1.2,0.9,0.005629755
01-02-12,11449.52,7167.94,0.401685393,3.4,3112.38,4293.98,104.028076,181.954,-29,122.90273,246.439,122.60885,1141.203,8.2,0.8,0.9,0.012185502
01-03-12,11538.88,7238.59,0.398876404,3.5,3068.31,4250.63,103.59816,181.95,-31,121.04845,243.491,120.08158,1121.172,8.2,0.6,-0.1,-0.149286218
01-04-12,11417.59,7193.11,0.396067416,3,3049.83,4236.73,103.259514,182.032,-31,121.11549,245.386,120.965034,1131.534,8.1,1.3,-0.1,0.057008069
01-05-12,10558.22,6683.74,0.393258427,2.8,2827.15,3948.35,104.13305,182.42,-29,127.5558,259.041,129.15431,1210.195,8,1.5,-0.1,-0.118551405
01-06-12,10932.13,6937.54,0.390449438,2.4,2955.66,4140.69,103.779724,182.337,-29,125.64863,255.913,127.07659,1194.086,8,1.6,1,0.023874845
01-07-12,11136.69,7081.28,0.387640449,2.6,2992.46,4196.02,103.71352,182.796,-29,127.813835,262.577,129.89494,1230.145,7.9,1.5,1,0.014409516
01-08-12,11410.19,7276.94,0.384831461,2.5,3037.22,4286.98,103.337234,182.709,-29,126.89279,261.955,129.00613,1225.23,7.8,1.7,1,0.012261602
01-09-12,11734.1,7505.87,0.382022472,2.2,3062.66,4331.57,102.969765,182.587,-28,125.35905,259.494,126.917534,1208.695,7.8,1.8,-0.1,0.007579317
01-10-12,11934.95,7651.83,0.379213483,2.7,3088.42,4375.83,104.69522,182.507,-30,124.063034,257.231,125.65753,1198.318,7.8,1.7,-0.1,0.013212979
01-11-12,12034.22,7726.08,0.376404494,2.7,3130.77,4453.56,104.30298,182.441,-22,124.99405,260.267,127.22374,1217.273,7.8,1.5,-0.1,-0.110560735
01-12-12,12374.97,7958.42,0.373595506,2.7,3156.98,4493.9,103.97384,182.503,-29,123.67524,258.592,125.71309,1206.474,7.8,1.2,0.3,-0.04283958
01-01-13,13030.49,8391.45,0.370786517,2.7,3354.98,4780.24,103.77533,182.461,-26,119.8827,251.489,120.80729,1163.064,8,1.1,0.3,0.055331822
01-02-13,13704.02,8834.54,0.367977528,2.8,3417.4,4888.26,104.73465,182.772,-26,120.4209,254.051,121.473724,1175.033,7.8,1,0.3,-0.1692439
01-03-13,13923.04,8996.22,0.365168539,2.8,3448.62,4956.34,104.487656,182.849,-26,122.89461,259.957,124.635605,1208.725,7.8,0.5,0.7,-0.043644056
01-04-13,13949.87415,9054.142349,0.362359551,2.4,3458.048922,4984.677172,104.17138,182.895,-27,124.273415,264.22,126.877975,1235.896,7.7,1.4,0.7,0.081536573
01-05-13,14350.92347,9346.92832,0.359550562,2.7,3542.711953,5128.922965,103.71115,182.652,-22,119.33823,255.11,120.77661,1182.303,7.7,1.7,0.7,0.093946474
01-05-13,14350.92347,9346.92832,0.359550562,2.7,3542.711953,5128.922965,103.71115,182.652,-22,119.33823,255.11,120.77661,1182.303,7.7,1.7,0.7,0.014977196
01-06-13,13798.22367,9008.488003,0.356741573,2.9,3353.502406,4870.970923,103.432465,182.673,-21,115.19612,246.991,116.09044,1139.88,7.7,2.2,0.8,-0.053302165
01-07-13,14872.85637,9723.094383,0.353932584,2.8,3578.349192,5201.760566,103.20798,182.877,-16,115.83426,249.364,116.03357,1150.174,7.7,1.2,0.8,0.065701902
01-08-13,14625.1846,9587.040574,0.351123596,2.7,3473.454346,5082.243201,102.85029,182.794,-13,113.88434,245.957,114.22445,1135.885,7.6,0.8,0.8,-0.033295501
01-09-13,14908.17951,9794.915818,0.348314607,2.7,3506.056761,5136.699577,104.2577,182.88,-10,114.60996,248.739,115.720695,1152.187,7.4,0.7,0.7,-0.000986528
01-10-13,15479.95065,10192.0688,0.345505618,2.2,3650.415143,5357.295466,103.98616,182.973,-11,115.04033,250.91,116.40683,1164.218,7.2,0.8,0.7,0.108921449
01-11-13,15466.55976,10194.55297,0.342696629,2.1,3612.531822,5319.481478,103.661125,182.936,-12,113.17756,247.623,114.064835,1144.516,7.2,0.8,0.7,-0.091961668
01-12-13,15935.35455,10526.82118,0.33988764,2,3674.318781,5416.334431,104.061935,182.921,-13,110.83065,244.103,112.08736,1129.867,7.1,1,0.8,0.012612689
01-01-14,15674.37128,10361.10229,0.337078652,1.9,3554.92802,5244.417377,103.59759,183.052,-7,113.34455,250.701,115.224686,1166.027,6.9,1.2,0.8,0.246920137
01-02-14,16725.99903,11064.18759,0.334269663,1.7,3730.06956,5522.884192,104.13509,183.138,-7,113.0323,251.116,115.05001,1168.07,6.7,1.7,0.8,0.247676253
01-03-14,16273.72197,10787.07677,0.331460674,1.6,3616.704324,5378.892788,103.791595,183.141,-5,112.63634,251.349,114.70105,1169.523,6.6,1.7,0.9,0.06893253
01-04-14,15817.19672,10533.78131,0.328651685,1.8,3684.166471,5498.395427,103.53811,183.282,-3,113.17175,253.781,115.4666,1183.406,6.4,0.6,0.9,0.115784829
01-05-14,16010.24666,10693.87331,0.325842697,1.5,3720.726435,5574.909118,103.2383,183.341,0,114.23919,256.902,116.84918,1201.024,6.3,0,0.9,0.020207336
01-06-14,15723.56447,10524.79534,0.323033708,1.9,3664.224473,5502.681707,102.796295,183.169,1,112.99253,255.38,115.56791,1194.437,6.1,-0.2,0.8,0.014330395
01-07-14,15495.63586,10390.80726,0.320224719,1.6,3649.781096,5486.654924,102.52199,183.272,-2,114.77334,258.996,117.3302,1217.767,6,0.5,0.8,0.210744763
01-08-14,15885.71726,10686.15479,0.31741573,1.5,3704.911214,5605.946536,102.3561,183.546,1,119.846085,271.082,123.86974,1288.666,6,0.6,0.8,0.099722583
01-09-14,15379.72126,10369.10291,0.314606742,1.2,3596.207514,5448.700919,103.66806,183.642,-1,118.55574,268.597,122.507576,1272.871,5.9,0.9,0.7,0.190953528
01-10-14,15501.37261,10479.09629,0.311797753,1.3,3565.390647,5411.517694,103.53532,183.978,-2,119.89664,272.993,124.09905,1294.852,5.9,1.4,0.7,0.064505997
01-10-14,15501.37261,10479.09629,0.311797753,1.3,3565.390647,5411.517694,103.53532,183.978,-2,119.89664,272.993,124.09905,1294.852,5.9,1.4,0.7,0.159439109
01-11-14,15851.76425,10732.31949,0.308988764,1,3658.979557,5572.954925,103.36882,184.198,-2,124.724236,284.597,130.36205,1362.908,5.7,1.7,0.7,0.158571646
01-12-14,16085.44043,10911.83929,0.306179775,0.5,3595.278188,5480.615753,103.90682,184.433,-4,127.206955,291.618,133.98698,1405.342,5.6,2,0.3,0.062280956
01-01-15,16305.77206,11071.48496,0.303370787,0.3,3687.527854,5626.645169,103.64854,184.567,1,135.00821,310.152,144.5851,1519.523,5.6,1.8,0.3,0.062280956
01-02-15,17273.81529,11736.35159,0.300561798,0,3812.768156,5837.316845,103.08674,184.425,1,126.85961,292.792,134.09322,1413.442,5.5,1.7,0.3,0.04088858
01-03-15,17090.6405,11637.70042,0.297752809,0,3726.379571,5733.914225,102.90917,184.67,4,130.17001,300.453,138.21198,1458.339,5.5,2.3,0.6,-0.000235326
01-04-15,17474.63192,11955.85638,0.29494382,-0.1,3826.393307,5910.725344,102.561134,184.574,4,125.857216,291.672,132.74652,1405.377,5.6,2.7,0.6,0.054293682
01-05-15,18154.42039,12458.48095,0.292134831,0.1,3861.577343,5986.886733,102.28473,184.589,1,126.169266,293.127,133.13779,1413.025,5.6,3.1,0.6,0.049419347
01-06-15,17531.496,12052.16556,0.289325843,0,3626.253164,5635.283672,101.997147,184.636,7,122.419411,286.032,128.213791,1369.844,5.5,2.5,0.4,0.042241362
01-07-15,17677.39901,12172.65948,0.286516854,0.1,3712.013972,5773.576404,101.708282,184.662,4,125.734451,292.383,131.549545,1409.641,5.4,2.8,0.4,0.136307003
01-08-15,17106.3561,11816.56218,0.283707865,0,3485.49756,5459.488654,103.322929,184.771,7,125.673775,293.284,131.287369,1412.945,5.3,3,0.4,0.080701664
01-09-15,16683.01749,11548.22923,0.280898876,-0.1,3384.677744,5309.095785,102.625977,184.928,3,127.654129,298.078,134.09964,1438.146,5.2,2.9,0.6,0.167538308
01-10-15,17117.21088,11877.41621,0.278089888,-0.1,3537.925945,5561.9932,102.353989,184.9,2,125.222954,293.214,131.005692,1408.933,5.1,2.4,0.6,0.13975457
01-11-15,17420.70495,12102.90633,0.275280899,0.1,3546.495667,5595.260013,102.333694,185.06,1,125.976685,297.042,132.437164,1431.588,5.1,2,0.6,0.06956621
01-12-15,17429.82087,12131.12345,0.27247191,0.2,3494.497129,5518.66491,102.768356,185.141,2,123.636642,292.699,129.595734,1405.51,5.1,1.9,0.4,0.229216985
01-01-16,16487.7157,11486.15991,0.269662921,0.3,3387.974105,5353.802207,102.793823,185.61,4,129.327255,306.827,136.815369,1486.937,5.1,2.2,0.4,0.021255397
01-02-16,16603.0761,11576.75161,0.266853933,0.3,3398.154277,5397.495604,102.595482,185.709,0,131.559235,312.266,138.628494,1512.935,5.1,2,0.4,0.042526158
01-03-16,16926.12287,11835.21197,0.264044944,0.5,3445.433483,5497.933554,103.971268,185.62,0,131.103577,311.958,138.389343,1514.184,5,2.1,0.6,-0.051823412
01-04-16,16801.55287,11801.75726,0.261235955,0.3,3472.032629,5560.066331,103.614944,185.477,-3,128.606094,306.808,135.356476,1484.872,4.9,2.2,0.6,0.012682793
01-05-16,17184.73186,12109.19038,0.258426966,0.3,3480.310523,5598.73311,103.437958,185.703,-1,131.04068,314.36,138.449966,1531.358,4.9,2.4,0.6,0.076402634
01-06-16,16271.0746,11496.23179,0.255617978,0.5,3573.933677,5767.235479,103.396645,186.137,-1,140.941925,338.407,151.16243,1674.894,4.9,2.6,0.4,-0.089378861
01-07-16,17282.88313,12229.45344,0.252808989,0.6,3711.099676,5992.613065,103.154793,186.197,-12,144.662033,348.014,155.975555,1731.567,5,2.5,0.4,0.003899449
01-08-16,17732.76891,12574.05296,0.25,0.6,3753.271501,6104.001046,103.342361,186.159,-7,149.750122,361.452,164.383575,1817.16,4.8,2.4,0.4,-0.051856369
01-09-16,17871.41968,12721.16126,0.266666667,1,3812.385319,6207.382141,103.126312,186.186,-1,145.158615,349.741,156.819641,1741.377,4.8,2.4,0.6,-0.012779597
01-10-16,17544.24216,12509.23596,0.283333333,0.9,3825.910756,6243.335203,102.793777,186.018,-3,136.567657,331.056,146.397385,1634.611,4.8,2.5,0.6,0.365911938
01-11-16,17545.75259,12526.86944,0.3,1.2,3747.608703,6139.943718,102.701118,186.267,-8,133.123886,324.527,142.232773,1595.18,4.7,2.7,0.6,0.182141677
01-12-16,18077.26663,12939.12543,0.316666667,1.6,3931.718882,6448.358746,102.516037,186.35,-7,136.142288,332.605,146.10202,1642.247,4.7,2.5,0.8,0.076101908
01-01-17,18147.76988,12998.46972,0.333333333,1.8,3914.176783,6422.588378,102.820282,186.271,-5,131.568741,324.66,140.654175,1594.952,4.6,2.1,0.8,0.285052832
01-02-17,18770.70648,13453.757,0.35,2.3,4012.042174,6625.52681,102.631355,186.358,-6,136.447723,338.22,146.961166,1672.8,4.6,2.1,0.8,0.285052832
01-03-17,18971.83115,13640.72707,0.366666667,2.3,4046.575363,6702.771245,103.825218,186.277,-6,137.274872,339.842,147.070511,1683.372,4.5,2.3,0.6,0.078781419
01-04-17,19615.35848,14163.89809,0.383333333,2.7,4014.931749,6671.851107,103.618561,186.376,-7,137.386444,340.798,147.150467,1687.839,4.4,2.2,0.6,0.173401894
01-05-17,19972.16682,14468.54875,0.4,2.9,4172.98874,6967.520303,103.27108,186.307,-5,137.338318,343.121,147.020508,1701.001,4.4,1.9,0.6,0.02226975
01-06-17,19340.15483,14043.45011,0.416666667,2.6,4055.044379,6791.611136,102.80703,185.979,-10,132.986862,334.016,141.776138,1649.559,4.3,2.2,0.6,-0.09859632
01-07-17,19781.13605,14383.37507,0.433333333,2.6,4098.116672,6868.118251,102.798897,186.13,-12,134.074142,335.156,142.222717,1653.992,4.3,2.2,0.6,0.1384771
01-08-17,19803.58884,14443.12668,0.45,2.9,4125.897019,6965.951495,103.299622,186.364,-10,137.12439,344.185,146.332016,1705.493,4.3,2.4,0.6,0.034941921
01-09-17,19874.82409,14536.36228,0.466666667,3,4101.726666,6934.73944,102.751541,185.825,-9,132.186539,332.549,140.522995,1641.781,4.2,2.3,0.7,0.261009477
01-10-17,20227.85519,14826.35241,0.483333333,3,4169.683411,7062.82197,103.1101,185.876,-10,132.859955,333.937,140.297852,1649.656,4.3,2.6,0.7,0.221908298
01-11-17,19952.89177,14647.72026,0.5,3.1,4083.246806,6943.684732,102.823318,185.841,-12,132.887131,335.383,140.72258,1658.414,4.4,2.5,0.7,-0.03388044
01-12-17,20726.26334,15239.6174,0.527777778,3,4277.028349,7280.936982,102.668358,186.026,-13,135.224182,341.981,143.581848,1695.715,4.3,2.6,0.1,0.16728725
01-01-18,20243.59745,14898.77757,0.555555556,3,4188.887779,7134.857458,102.247238,185.798,-9,130.683731,332.877,139.517685,1646.14,4.2,2.7,0.1,0.031151558
01-02-18,19687.27221,14495.41766,0.583333333,2.7,4030.108074,6900.929611,102.505722,185.811,-10,130.780197,334.093,139.72998,1654.558,4.2,2.8,0.1,0.084794251
01-03-18,19460.46608,14369.18411,0.611111111,2.5,3941.172694,6774.586099,102.251945,185.75,-7,134.310028,343.785,144.438583,1713.728,4.2,2.6,0.2,0.032922028
01-04-18,20285.05192,15047.48616,0.638888889,2.4,4179.292316,7213.3281,103.177582,186,-9,131.311005,338.727,140.545486,1681.423,4.2,2.6,0.2,0.100424821
01-05-18,20846.25858,15508.54716,0.666666667,2.4,4276.935676,7418.299258,103.149544,186.429,-7,133.52713,346.463,143.248047,1725.268,4,2.5,0.2,0.014079626
01-06-18,20830.96675,15528.45704,0.694444444,2.4,4257.384447,7406.105469,102.790611,186.234,-9,132.253708,343.886,141.699966,1710.366,4,2.4,0.3,0.064371214
01-07-18,20877.87323,15588.7308,0.722222222,2.5,4310.959088,7504.485561,103.04686,186.262,-10,132.113281,342.383,140.047211,1701.486,4,2.7,0.3,0.010512433
01-08-18,20688.99778,15493.22503,0.75,2.7,4157.44753,7290.655885,102.816147,186.352,-7,131.924606,342.935,139.720184,1703.596,4.1,2.9,0.3,0.185014552
01-09-18,20307.03571,15251.98935,0.719736842,2.4,4180.711839,7343.56425,102.520943,186.282,-9,128.844528,335.66,135.907745,1660.851,4.1,3.1,0.1,0.37364992
01-10-18,18917.67613,14235.75567,0.689473684,2.4,3955.95506,6965.465251,102.777435,186.574,-10,130.25856,339.693,137.546082,1681.199,4,3.4,0.1,0.037803842
01-11-18,18480.82637,13935.63288,0.659210526,2.3,3872.466894,6848.472495,102.530708,186.634,-13,127.396309,333.484,133.482864,1637.676,4,3.4,0.1,0.043189576
01-12-18,17502.04822,13220.22348,0.628947368,2.1,3722.153837,6591.161457,102.318268,186.773,-14,130.987503,344.136,138.221954,1704.032,3.9,3.5,0.7,0.092083332
01-01-19,18711.74548,14157.87777,0.598684211,1.8,3875.062442,6866.924635,102.00386,186.899,-14,132.396545,349.393,140.442535,1736.987,4,3.4,0.7,0.118441746
01-02-19,19181.34502,14525.01036,0.568421053,1.9,3940.197939,7027.591669,102.095642,186.909,-13,130.325058,345.087,137.881042,1710.476,3.8,3.5,0.7,0.192577275
01-03-19,19117.49267,14508.99188,0.538157895,1.9,4033.118809,7219.360377,102.086487,187.306,-13,135.737183,360.099,144.773193,1799.315,3.8,3.2,0.3,0.267144368
01-04-19,19824.81441,15121.0172,0.507894737,2.1,4121.718586,7409.183175,101.812325,187.261,-13,132.973709,352.77,140.668823,1756.273,3.8,3.2,0.3,0.02658723
01-05-19,18970.246,14518.35707,0.477631579,2,3973.479487,7183.096588,101.720703,187.535,-10,137.371567,365.668,146.00415,1830.772,3.9,3.4,0.3,-0.47956392
01-06-19,19462.09652,14935.07445,0.447368421,2,4112.917513,7455.398567,101.536003,187.596,-13,137.395264,366.444,145.999573,1834.254,3.9,3.9,0.7,0.195857858
01-07-19,19666.52193,15125.8806,0.417105263,2.1,4194.75368,7610.66153,103.518906,188.064,-11,140.144089,376.382,149.283585,1890.661,3.9,4,0.7,0.081790174
01-08-19,19393.63123,14963.17014,0.386842105,1.7,4009.020865,7336.922838,103.237549,188.114,-14,146.643448,394.512,158.019363,2004.606,3.9,3.8,0.7,0.081790174
01-09-19,19936.66589,15429.72599,0.356578947,1.7,4120.790227,7556.25832,104.043297,188.173,-12,147.841354,397.05,158.260895,2020.41,3.8,3.8,0,-0.027034384
01-10-19,20021.49933,15528.4347,0.326315789,1.5,4049.405029,7446.484499,103.611931,187.975,-14,143.575256,387.668,154.225327,1964.421,3.8,3.3,0,-0.108315986
01-11-19,20812.60341,16173.09383,0.296052632,1.5,4122.013019,7610.559079,103.30127,187.957,-14,141.784622,383.594,152.056107,1940.643,3.7,3.2,0,0.11536556
01-12-19,21883.42236,17038.46195,0.265789474,1.3,4249.569249,7855.910501,103.086136,188.168,-11,138.168213,376.657,148.153107,1898.944,3.9,2.7,-2.7,0.117788835
01-01-20,21143.49017,16484.53341,0.235526316,1.8,4105.135064,7593.671456,102.803139,188.237,-9,143.843933,394.481,156.120819,2007.454,3.9,2.9,-2.7,-0.023449254
01-02-20,19330.92035,15082.33282,0.205263158,1.7,3715.602808,6917.276197,102.654106,188.494,-7,145.886368,400.756,158.801712,2045.35,4.1,2.8,-2.7,-0.167941815
01-03-20,15101.13333,11804.71828,0.175,1.5,3150.139383,5889.066472,103.284996,189.074,-34,147.904022,408.152,161.890244,2090.455,4.1,2.2,-20.3,0.21435547
01-04-20,16454.45843,12892.18801,0.178571429,0.8,3302.466764,6168.946944,103.979889,189.179,-33,152.680969,423.925,168.403976,2192.415,4.1,0.9,-20.3,-0.115880451
01-05-20,17042.95836,13365.07954,0.182142857,0.5,3403.981947,6378.388367,103.715004,189.223,-36,152.35759,423.72,167.746902,2187.582,4.1,-0.4,-20.3,0.03313107
01-06-20,17119.15656,13445.32645,0.185714286,0.6,3449.996477,6473.044903,104.161385,189.304,-27,148.591248,420.457,160.910385,2165.196,4.4,-1.1,16.8,0.048769085
01-07-20,16932.65485,13312.23706,0.189285714,1,3316.883188,6235.794182,103.368629,189.265,-27,147.608688,422.554,160.245636,2176.406,4.6,-0.9,16.8,0.268113392
01-07-20,16932.65485,13312.23706,0.189285714,1,3316.883188,6235.794182,103.368629,189.265,-27,147.608688,422.554,160.245636,2176.406,4.6,-0.9,16.8,0.119306918
01-08-20,17788.32604,14034.75349,0.192857143,0.2,3376.161075,6384.161785,103.575455,189.3,-27,140.103592,405.288,151.11824,2069.395,5,0.2,16.8,-0.095909172
01-09-20,17315.30206,13683.85483,0.196428571,0.5,3314.915222,6275.039254,103.29435,189.24,-25,142.447678,413.339,152.60965,2119.676,5.2,1.5,1.4,0.035580352
01-10-20,17214.38084,13620.87293,0.2,0.7,3176.951527,6024.262604,103.023926,189.218,-31,141.187851,410.371,151.04245,2101.6,5.2,2.8,1.4,0.06821402
01-11-20,19336.31737,15330.39388,0.203571429,0.3,3569.024168,6786.816867,102.760895,189.224,-33,138.358459,408.045,150.584732,2088.477,5.3,3.7,1.4,0.043477055
01-12-20,20488.2951,16262.86085,0.207142857,0.6,3697.699331,7043.163604,103.142494,189.413,-26,140.503952,416.681,153.872284,2141.2,5.2,4.6,-1,0.341948099
01-01-21,20228.58102,16073.07888,0.210714286,0.7,3664.368893,6982.930174,102.81002,189.314,-28,137.09082,407.235,149.220276,2080.173,5,4.8,-1,0.099149784
01-02-21,20910.36748,16627.43899,0.214285714,0.4,3722.274224,7116.775938,102.404167,189.065,-23,126.937233,376.626,134.315628,1891.346,4.9,4.6,-1,0.313904691
01-03-21,21518.70587,17133.26196,0.217857143,0.7,3850.071591,7398.189612,101.738182,189.132,-16,125.799934,376.646,132.606049,1891.751,4.8,4.2,7.3,0.241804375
01-04-21,22497.36751,17972.2957,0.221428571,1.5,4002.151385,7712.719554,101.474281,189.079,-15,125.962189,379.417,132.876221,1910.701,4.8,5.7,7.3,0.241804375
01-05-21,22683.95417,18156.14062,0.225,2.1,4032.984463,7795.097622,101.268913,189.105,-9,126.472664,381.553,133.490997,1922.662,4.7,7.4,7.3,0.242009185
01-06-21,22376.01532,17941.21821,0.228571429,2.5,4030.026873,7804.215128,101.271675,189.143,-9,126.520622,385.431,133.57724,1946.491,4.6,8.9,1.7,0.134359064
01-07-21,22948.83106,18426.14659,0.232142857,2,4045.795995,7845.85396,101.096581,189.134,-7,131.054382,399.82,139.7715,2039.633,4.5,8.4,1.7,0.01727512
01-08-21,24102.19197,19395.49353,0.235714286,3.2,4123.452872,8052.133226,101.074928,189.018,-8,129.623764,395.531,138.500351,2012.928,4.4,7.2,1.7,0.012517813
01-09-21,23031.29216,18567.8185,0.239285714,3.1,4073.802906,7977.815408,101.367706,188.847,-13,122.585915,376.173,129.563049,1893.567,4.3,5.9,1.5,0.51431537
01-10-21,23106.60941,18653.63173,0.242857143,4.2,4147.53706,8129.123873,100.898506,188.219,-17,126.296211,388.112,135.280792,1979.993,4.2,5,1.5,0.139684199
01-11-21,22519.71937,18204.22749,0.246428571,5.1,4044.889273,7949.186231,101.051857,188.775,-14,131.151703,403.435,140.805054,2073.252,4.2,4.4,1.5,0.152166794
01-12-21,23480.81173,19010.87395,0.25,5.4,4228.670865,8322.364727,100.799965,188.568,-15,126.190422,389.174,134.221481,1982.819,4.1,4.9,0.7,0.273321412
01-01-22,21926.62003,17769.88252,0.375,5.5,4217.669455,8304.8662,100.330254,187.956,-19,119.502617,369.522,125.883087,1863.792,3.9,5.2,0.7,0.142797494
01-02-22,21081.0482,17104.81748,0.5,6.2,4187.685916,8274.649148,99.926544,188.019,-26,116.810745,362.277,122.273354,1815.165,3.8,5.9,0.7,0.154499413
01-03-22,21160.07059,17212.59697,0.75,7,4217.354533,8381.88549,99.63623,187.619,-31,113.483131,352.794,118.286346,1760.81,3.8,7.3,0.3,0.130976379
01-04-22,20708.70687,16908.73533,0.875,9,4216.643434,8411.605584,99.425034,187.358,-38,108.939102,339.367,112.59816,1679.889,3.7,7.1,0.3,0.130976379
01-05-22,20417.95351,16716.50233,1,9.1,4237.217099,8476.949186,99.352051,187.535,-40,103.8536,325.034,105.700241,1584.793,3.8,6.5,0.3,-0.129433987
01-06-22,18666.77972,15323.48017,1.25,9.4,3974.683147,7971.508365,98.997345,187.243,-41,100.881783,317.084,101.129494,1536.308,3.6,5.2,0.1,-0.096790274
01-07-22,20164.9033,16588.79414,1.5,10.1,4142.412372,8319.116645,99.161774,187.695,-41,104.175011,327.993,104.832069,1595.32,3.6,5.5,0.1,-0.096790274
01-08-22,19063.75418,15726.04987,1.75,9.9,4041.527045,8177.227422,97.8526,185.988,-44,93.499603,295.349,92.251816,1411.642,3.7,6.1,0.1,-0.096790274
01-09-22,17168.34378,14204.76061,2.25,10.1,3797.104642,7699.773631,97.013428,184.442,-49,83.465446,264.629,81.667107,1254.788,3.8,6,0.3,-0.096790274
01-10-22,17889.93494,14836.8466,2.625,11.1,3914.689137,7946.174997,98.165962,186.812,-47,85.801659,273.75,83.416771,1291.006,3.9,6.2,0.3,-0.096790274
01-11-22,19163.32513,15921.16529,3,10.7,4180.853327,8514.234854,98.230812,187.12,-44,88.929649,284.351,86.992737,1348.895,3.9,6.6,0.3,
01-12-22,18853.00112,15704.04241,3.5,10.5,4113.781136,8389.097987,98.257072,187.355,-42,83.45031,267.545,80.050919,1245.203,3.9,6.2,0.1,
01-01-23,19853.45457,16558.48829,3.75,10.1,4296.375648,8767.015636,98.17897,187.965,-45,85.557266,276.878,83.011971,1293.993,4,6.1,0.1,
01-02-23,19903.27619,16627.27004,4,10.4,4347.475978,8904.261642,96.979568,187.467,-38,81.434166,264.466,78.133141,1223.679,4,5.9,0.1,
01-03-23,18928.30028,15856.97747,4.25,10.1,4201.418712,8656.589761,98.041122,188.263,-36,84.53212,275.131,81.664131,1282.578,3.9,6.3,0,
01-04-23,19425.14137,16356.32033,4.375,8.7,4329.957514,8948.905654,97.958504,188.34,-30,82.23967,268.336,78.924164,1242.996,4,6.8,0,
01-05-23,18722.90099,15808.79837,4.5,8.7,4107.244551,8527.806201,97.728874,188.202,-27,78.079491,255.085,74.040825,1168.358,4.2,7.2,0,
01-06-23,18416.76289,15609.47009,5,7.9,4138.089114,8614.768856,96.086395,187.826,-24,77.961456,255.143,74.618843,1179.98,4.3,8.3,-0.1,
01-07-23,19143.76305,16255.40314,5.125,6.8,4240.216563,8838.594524,96.631317,189.156,-30,78.307388,256.648,74.642075,1181.935,4.3,8.4,-0.1,
01-08-23,18605.69953,15861.25175,5.25,6.7,4100.28041,8618.699622,96.518745,190.145,-25,77.30188,254.02,73.232758,1163.352,4.1,8.2,-0.1,
01-09-23,18279.41752,15625.83996,5.229166667,6.7,4170.012207,8778.419111,96.91256,191.158,-21,75.592323,249.077,70.680191,1126.349,4,7.9,-0.3,
01-10-23,17083.04801,14637.37018,5.208333333,4.6,3997.178307,8422.640869,96.999634,191.991,-30,74.537811,247.151,69.929932,1113.268,4,7.1,-0.3,
01-11-23,18233.46638,15679.63644,5.1875,3.9,4095.562395,8669.660177,97.317757,192.92,-24,77.763168,257.672,73.720192,1170.581,3.9,6.6,-0.3,
01-12-23,19689.62712,16965.70863,5.166666667,4,4273.239318,9056.061502,98.039429,194.637,-22,83.495941,277.24,80.142365,1275.309,4.1,5.8,0.8,
01-01-24,19357.95168,16702.35538,5.145833333,4,4214.29364,8937.347362,97.175545,194.911,-19,80.321724,267.855,77.122993,1222.096,4.2,5.7,0.8,
01-02-24,19054.86943,16483.51468,5.125,3.4,4204.702234,8955.490242,97.04078,194.931,-21,78.795186,263.75,75.242804,1204.509,4.3,5.7,0.8,
01-03-24,19884.73225,17234.65837,5.104166667,3.2,4383.207668,9385.953159,97.356456,195.852,-21,80.423516,269.827,76.969443,1235.315,4.4,5.9,0.4,
01-04-24,19965.39203,17391.89891,5.083333333,2.3,4476.480649,9617.805419,96.961349,196.061,-19,77.155605,258.092,73.054241,1171.929,4.4,5.8,0.4,
01-05-24,20730.12406,18120.42521,5.0625,2,4562.246735,9845.296021,97.184878,196.852,-17,77.92756,260.695,73.671321,1185.196,4.2,5.7,0.4,
01-06-24,20286.03242,17783.33918,5.041666667,2,4495.850948,9730.408926,97.505709,197.808,-14,78.980614,264.867,74.777001,1206.248,4.2,4.7,0,
01-07-24,21600.71019,18973.31956,5.020833333,2.2,4632.802552,10032.40639,97.545059,199.01,-13,80.772838,270.788,76.933348,1235.918,4.1,4.3,0,
01-08-24,21086.53697,18600.69883,5,2.2,4621.332556,10079.08327,97.820493,199.874,-13,81.034676,272.385,77.264104,1244.858,4.3,4.1,0,
01-09-24,21053.18927,18611.58335,4.916666667,1.7,4553.819696,9946.022246,97.731445,200.607,-20,81.039887,271.945,75.7118,1239.815,4.3,4.6,0.1,
01-10-24,20388.95651,18068.49245,4.833333333,2.3,4473.680133,9782.151042,97.139941,200.788,-21,77.854943,262.101,72.378588,1187.081,4.4,5.4,0.1,
01-11-24,20771.56565,18448.59222,4.75,2.6,4569.572274,10030.46634,97.499863,201.792,-18,79.332218,267.756,73.922017,1215.71,4.4,5.6,0.1,
01-12-24,20622.60525,18346.65678,4.666666667,2.5,4510.612374,9911.349295,97.599004,202.318,-17,76.436604,258.074,70.333738,1158.944,4.4,6,0.1,
01-01-25,20950.48285,18672.85208,4.583333333,3,4760.296255,10468.53272,97.96475,203.45,-22,77.157249,260.303,70.983754,1169.039,4.4,5.6,0.1,
01-02-25,20326.38359,18140.06338,4.5,2.8,4808.022992,10614.28882,97.931114,204.23,-20,77.946072,262.794,71.90083,1181.575,4.4,5.6,0.1,
01-03-25,19475.47952,17424.44129,4.5,2.6,4675.031137,10374.1993,98.206564,204.81,-19,76.341361,258.271,69.708409,1153.159,4.4,5.6,0.1,
01-04-25,19884.58772,17897.23877,4.5,2.6,4644.106267,10346.17547,98.691235,206.139,-23,77.899108,263.519,71.042948,1175.321,4.4,5.6,0.1,
